{"epoch": 4, "training_loss": 0.0033642736391535587, "validation_loss": 0.04221995666092085, "validation_accuracy": 0.9907351912895814}