{"1": {"training_loss": 0.019371282813148205, "validation_loss": 0.05623745063930908, "validation_accuracy": 0.9863150534412146}, "2": {"training_loss": 0.006204465477194348, "validation_loss": 0.04446848100246146, "validation_accuracy": 0.9898861252622115}, "3": {"training_loss": 0.0038537843945475997, "validation_loss": 0.061498196892110425, "validation_accuracy": 0.985865547897313}, "4": {"training_loss": 0.0033642736391535587, "validation_loss": 0.04221995666092085, "validation_accuracy": 0.9907351912895814}, "5": {"training_loss": 0.002231458699563976, "validation_loss": 0.05348656173241265, "validation_accuracy": 0.9895614823693937}, "6": {"training_loss": 0.002325191827200519, "validation_loss": 0.0624060462427855, "validation_accuracy": 0.9872889821196683}, "7": {"training_loss": 0.0017713415382759538, "validation_loss": 0.06002067082533218, "validation_accuracy": 0.9904355209269803}, "8": {"training_loss": 0.0004996513352261775, "validation_loss": 0.054052614909620766, "validation_accuracy": 0.992358405753671}, "9": {"training_loss": 0.00017483866135884442, "validation_loss": 0.0626826000742243, "validation_accuracy": 0.9920337628608531}, "10": {"training_loss": 0.00017204473473096655, "validation_loss": 0.0731862325421671, "validation_accuracy": 0.9912096693636999}, "11": {"training_loss": 7.03103399784239e-05, "validation_loss": 0.0806328686796332, "validation_accuracy": 0.9915592847867346}, "12": {"training_loss": 0.00011814284107885182, "validation_loss": 0.08671987657184536, "validation_accuracy": 0.991734092498252}, "13": {"training_loss": 4.3445993091261916e-05, "validation_loss": 0.09434004747345354, "validation_accuracy": 0.9913595045450005}, "14": {"training_loss": 4.2889519199997315e-05, "validation_loss": 0.09509969577725581, "validation_accuracy": 0.9913844770752173}, "15": {"training_loss": 3.0368699551320518e-05, "validation_loss": 0.09438908641726772, "validation_accuracy": 0.9916591749076017}}