{"epoch": 4, "training_loss": 0.0009618127079245179, "validation_loss": 0.00990451721014563, "validation_accuracy": 0.9980630331034643}