{"1": {"training_loss": 0.004595274723536099, "validation_loss": 0.013211411145760589, "validation_accuracy": 0.9963127618114141}, "2": {"training_loss": 0.001615761305631271, "validation_loss": 0.015535986029425295, "validation_accuracy": 0.9959821550118046}, "3": {"training_loss": 0.0011249324765130852, "validation_loss": 0.014296898297832787, "validation_accuracy": 0.9976235205345717}, "4": {"training_loss": 0.0009618127079245179, "validation_loss": 0.00990451721014563, "validation_accuracy": 0.9980630331034643}, "5": {"training_loss": 0.0008284507363683811, "validation_loss": 0.019212591141736506, "validation_accuracy": 0.9965072363994197}, "6": {"training_loss": 0.0006743875579732126, "validation_loss": 0.01735249600184269, "validation_accuracy": 0.997355145603124}, "7": {"training_loss": 0.0006280211874395208, "validation_loss": 0.012434218631553308, "validation_accuracy": 0.998191386331548}, "8": {"training_loss": 0.00018396737107768211, "validation_loss": 0.014446776364693822, "validation_accuracy": 0.9981641598892272}, "9": {"training_loss": 9.337241302579766e-05, "validation_loss": 0.018345132677081478, "validation_accuracy": 0.9981058175128256}, "10": {"training_loss": 8.090392509393422e-05, "validation_loss": 0.020473780306014645, "validation_accuracy": 0.9981719388727475}, "11": {"training_loss": 7.166357387596061e-05, "validation_loss": 0.0224337951267239, "validation_accuracy": 0.99826139718323}, "12": {"training_loss": 5.7614702098027246e-05, "validation_loss": 0.02543652351290072, "validation_accuracy": 0.9981135964963458}, "13": {"training_loss": 5.512730223369486e-05, "validation_loss": 0.024698890820405456, "validation_accuracy": 0.9983002921008312}, "14": {"training_loss": 4.6636612962678186e-05, "validation_loss": 0.028366311978669376, "validation_accuracy": 0.9980202486941031}, "15": {"training_loss": 4.046579199372036e-05, "validation_loss": 0.028784274257595728, "validation_accuracy": 0.9980085802188228}}